{
	"components": {
		"examples": {},
		"headers": {},
		"parameters": {},
		"requestBodies": {},
		"responses": {},
		"schemas": {
			"UserDto": {
				"properties": {
					"id": {
						"type": "string"
					},
					"firstName": {
						"type": "string"
					},
					"lastName": {
						"type": "string"
					},
					"email": {
						"type": "string"
					},
					"username": {
						"type": "string"
					}
				},
				"required": [
					"id",
					"firstName",
					"lastName",
					"email",
					"username"
				],
				"type": "object",
				"additionalProperties": false
			},
			"UserSignUpDto": {
				"properties": {
					"userDto": {
						"$ref": "#/components/schemas/UserDto"
					},
					"token": {
						"type": "string"
					}
				},
				"required": [
					"userDto",
					"token"
				],
				"type": "object",
				"additionalProperties": false
			},
			"UserSignUpInput": {
				"properties": {
					"firstName": {
						"type": "string"
					},
					"lastName": {
						"type": "string"
					},
					"email": {
						"type": "string"
					},
					"username": {
						"type": "string"
					},
					"password": {
						"type": "string"
					}
				},
				"required": [
					"firstName",
					"lastName",
					"email",
					"username",
					"password"
				],
				"type": "object",
				"additionalProperties": false
			},
			"UserSignInInput": {
				"properties": {
					"emailOrUsername": {
						"type": "string"
					},
					"password": {
						"type": "string"
					}
				},
				"required": [
					"emailOrUsername",
					"password"
				],
				"type": "object",
				"additionalProperties": false
			},
			"TenantDto": {
				"properties": {
					"id": {
						"type": "string"
					},
					"name": {
						"type": "string"
					},
					"description": {
						"type": "string"
					},
					"isActive": {
						"type": "boolean"
					}
				},
				"required": [
					"id",
					"name",
					"description",
					"isActive"
				],
				"type": "object",
				"additionalProperties": false
			},
			"PagedResultDtoTenantDto": {
				"properties": {
					"totalCount": {
						"type": "number",
						"format": "double"
					},
					"items": {
						"items": {
							"$ref": "#/components/schemas/TenantDto"
						},
						"type": "array"
					}
				},
				"required": [
					"totalCount",
					"items"
				],
				"type": "object",
				"additionalProperties": false
			},
			"CreateTenantInput": {
				"properties": {
					"name": {
						"type": "string"
					},
					"description": {
						"type": "string"
					}
				},
				"required": [
					"name",
					"description"
				],
				"type": "object",
				"additionalProperties": false
			},
			"TenantUpdateInput": {
				"properties": {
					"name": {
						"type": "string",
						"nullable": true
					},
					"description": {
						"type": "string",
						"nullable": true
					}
				},
				"type": "object",
				"additionalProperties": false
			},
			"UserUpdateInput": {
				"properties": {
					"firstName": {
						"type": "string",
						"nullable": true
					},
					"lastName": {
						"type": "string",
						"nullable": true
					},
					"email": {
						"type": "string",
						"nullable": true
					},
					"username": {
						"type": "string",
						"nullable": true
					}
				},
				"type": "object",
				"additionalProperties": false
			},
			"PagedResultDtoUserDto": {
				"properties": {
					"totalCount": {
						"type": "number",
						"format": "double"
					},
					"items": {
						"items": {
							"$ref": "#/components/schemas/UserDto"
						},
						"type": "array"
					}
				},
				"required": [
					"totalCount",
					"items"
				],
				"type": "object",
				"additionalProperties": false
			}
		},
		"securitySchemes": {
			"X-Tenant-Id": {
				"type": "apiKey",
				"in": "header",
				"name": "X-Tenant-Id",
				"description": "Tenant ID"
			},
			"X-Auth-Token": {
				"type": "apiKey",
				"in": "header",
				"name": "X-Auth-Token",
				"description": "JWT access token"
			}
		}
	},
	"info": {
		"title": "node-typescript-boilerplate",
		"version": "1.0.0",
		"description": "Enterprise NodeJs/Typescript API boilerplate"
	},
	"openapi": "3.0.0",
	"paths": {
		"/auth/signUp": {
			"post": {
				"operationId": "SignUp",
				"responses": {
					"200": {
						"content": {
							"application/json": {
								"schema": {
									"$ref": "#/components/schemas/UserSignUpDto"
								}
							}
						},
						"description": "Ok"
					}
				},
				"tags": [
					"Auth"
				],
				"security": [
					{
						"X-Tenant-Id": []
					}
				],
				"parameters": [],
				"requestBody": {
					"content": {
						"application/json": {
							"schema": {
								"$ref": "#/components/schemas/UserSignUpInput"
							}
						}
					}
				}
			}
		},
		"/auth/signIn": {
			"post": {
				"operationId": "SignIn",
				"responses": {
					"200": {
						"content": {
							"application/json": {
								"schema": {
									"properties": {
										"token": {
											"type": "string"
										}
									},
									"required": [
										"token"
									],
									"type": "object"
								}
							}
						},
						"description": "Ok"
					}
				},
				"tags": [
					"Auth"
				],
				"security": [
					{
						"X-Tenant-Id": []
					}
				],
				"parameters": [],
				"requestBody": {
					"content": {
						"application/json": {
							"schema": {
								"$ref": "#/components/schemas/UserSignInInput"
							}
						}
					}
				}
			}
		},
		"/tenants/{tenantName}": {
			"get": {
				"operationId": "GetTenant",
				"responses": {
					"200": {
						"content": {
							"application/json": {
								"schema": {
									"$ref": "#/components/schemas/TenantDto"
								}
							}
						},
						"description": "Ok"
					}
				},
				"tags": [
					"Tenants"
				],
				"security": [],
				"parameters": [
					{
						"in": "path",
						"name": "tenantName",
						"required": true,
						"schema": {
							"type": "string"
						}
					}
				]
			}
		},
		"/tenants": {
			"get": {
				"operationId": "GetTenants",
				"responses": {
					"200": {
						"content": {
							"application/json": {
								"schema": {
									"$ref": "#/components/schemas/PagedResultDtoTenantDto"
								}
							}
						},
						"description": "Ok"
					}
				},
				"tags": [
					"Tenants"
				],
				"security": [
					{
						"X-Auth-Token": [
							"admin"
						]
					}
				],
				"parameters": [
					{
						"in": "query",
						"name": "searchStr",
						"required": false,
						"schema": {
							"type": "string"
						}
					},
					{
						"in": "query",
						"name": "skip",
						"required": false,
						"schema": {
							"format": "double",
							"type": "number"
						}
					},
					{
						"in": "query",
						"name": "limit",
						"required": false,
						"schema": {
							"format": "double",
							"type": "number"
						}
					}
				]
			},
			"post": {
				"operationId": "CreateTenant",
				"responses": {
					"200": {
						"content": {
							"application/json": {
								"schema": {
									"$ref": "#/components/schemas/TenantDto"
								}
							}
						},
						"description": "Ok"
					}
				},
				"tags": [
					"Tenants"
				],
				"security": [
					{
						"X-Auth-Token": [
							"admin"
						]
					}
				],
				"parameters": [],
				"requestBody": {
					"content": {
						"application/json": {
							"schema": {
								"$ref": "#/components/schemas/CreateTenantInput"
							}
						}
					}
				}
			}
		},
		"/tenants/{id}": {
			"put": {
				"operationId": "UpdateTenant",
				"responses": {
					"204": {
						"content": {
							"application/json": {}
						},
						"description": "No content"
					}
				},
				"tags": [
					"Tenants"
				],
				"security": [
					{
						"X-Auth-Token": [
							"admin"
						]
					}
				],
				"parameters": [
					{
						"in": "path",
						"name": "id",
						"required": true,
						"schema": {
							"type": "string"
						}
					}
				],
				"requestBody": {
					"content": {
						"application/json": {
							"schema": {
								"$ref": "#/components/schemas/TenantUpdateInput"
							}
						}
					}
				}
			},
			"delete": {
				"operationId": "DeleteTenant",
				"responses": {
					"204": {
						"content": {
							"application/json": {}
						},
						"description": "No content"
					}
				},
				"tags": [
					"Tenants"
				],
				"security": [
					{
						"X-Auth-Token": [
							"admin"
						]
					}
				],
				"parameters": [
					{
						"in": "path",
						"name": "id",
						"required": true,
						"schema": {
							"type": "string"
						}
					}
				]
			}
		},
		"/users": {
			"post": {
				"operationId": "CreateUser",
				"responses": {
					"200": {
						"content": {
							"application/json": {
								"schema": {
									"$ref": "#/components/schemas/UserDto"
								}
							}
						},
						"description": "Ok"
					}
				},
				"tags": [
					"Users"
				],
				"security": [
					{
						"X-Auth-Token": [
							"admin"
						]
					}
				],
				"parameters": [],
				"requestBody": {
					"content": {
						"application/json": {
							"schema": {
								"$ref": "#/components/schemas/UserSignUpInput"
							}
						}
					}
				}
			},
			"get": {
				"operationId": "GetUsers",
				"responses": {
					"200": {
						"content": {
							"application/json": {
								"schema": {
									"$ref": "#/components/schemas/PagedResultDtoUserDto"
								}
							}
						},
						"description": "Ok"
					}
				},
				"tags": [
					"Users"
				],
				"security": [
					{
						"X-Auth-Token": [
							"admin"
						]
					}
				],
				"parameters": [
					{
						"in": "query",
						"name": "searchStr",
						"required": false,
						"schema": {
							"type": "string"
						}
					},
					{
						"in": "query",
						"name": "skip",
						"required": false,
						"schema": {
							"format": "double",
							"type": "number"
						}
					},
					{
						"in": "query",
						"name": "limit",
						"required": false,
						"schema": {
							"format": "double",
							"type": "number"
						}
					}
				]
			}
		},
		"/users/{id}": {
			"put": {
				"operationId": "UpdateUser",
				"responses": {
					"204": {
						"content": {
							"application/json": {}
						},
						"description": "No content"
					}
				},
				"tags": [
					"Users"
				],
				"security": [
					{
						"X-Auth-Token": [
							"admin"
						]
					}
				],
				"parameters": [
					{
						"in": "path",
						"name": "id",
						"required": true,
						"schema": {
							"type": "string"
						}
					}
				],
				"requestBody": {
					"content": {
						"application/json": {
							"schema": {
								"$ref": "#/components/schemas/UserUpdateInput"
							}
						}
					}
				}
			},
			"get": {
				"operationId": "GetUser",
				"responses": {
					"200": {
						"content": {
							"application/json": {
								"schema": {
									"$ref": "#/components/schemas/UserDto"
								}
							}
						},
						"description": "Ok"
					}
				},
				"tags": [
					"Users"
				],
				"security": [
					{
						"X-Auth-Token": [
							"admin"
						]
					}
				],
				"parameters": [
					{
						"in": "path",
						"name": "id",
						"required": true,
						"schema": {
							"type": "string"
						}
					}
				]
			},
			"delete": {
				"operationId": "DeleteUser",
				"responses": {
					"204": {
						"content": {
							"application/json": {}
						},
						"description": "No content"
					}
				},
				"tags": [
					"Users"
				],
				"security": [
					{
						"X-Auth-Token": [
							"admin"
						]
					}
				],
				"parameters": [
					{
						"in": "path",
						"name": "id",
						"required": true,
						"schema": {
							"type": "string"
						}
					}
				]
			}
		}
	},
	"servers": [
		{
			"url": "http://localhost:3000/api/v1"
		}
	]
}